{"_step":37,"train/global_step":375,"train/grad_norm":2.563128709793091,"_runtime":1264.074851805,"_timestamp":1.742645080733435e+09,"train_loss":0.9662628968556722,"train/epoch":3,"_wandb":{"runtime":1266},"train_runtime":1264.4412,"train_samples_per_second":2.373,"train_steps_per_second":0.297,"train/loss":0.7661,"train/learning_rate":5.430518912448168e-08,"total_flos":3.615924285970842e+16}